<?xml version="1.0" encoding="UTF-8"?>
<jcr:root xmlns:sling="http://sling.apache.org/jcr/sling/1.0" xmlns:cq="http://www.day.com/jcr/cq/1.0" xmlns:jcr="http://www.jcp.org/jcr/1.0" xmlns:nt="http://www.jcp.org/jcr/nt/1.0"
    jcr:primaryType="nt:unstructured"
    jcr:title="Secondary - Header"
    sling:resourceType="cq/gui/components/authoring/dialog">
    <content
        jcr:primaryType="nt:unstructured"
        sling:resourceType="granite/ui/components/coral/foundation/fixedcolumns">
        <items jcr:primaryType="nt:unstructured">
            <column
                jcr:primaryType="nt:unstructured"
                sling:resourceType="granite/ui/components/coral/foundation/container">
                <items jcr:primaryType="nt:unstructured">
                    <logo
                        jcr:primaryType="nt:unstructured"
                        sling:resourceType="granite/ui/components/coral/foundation/form/pathfield"
                        fieldLabel="Logo"
                        name="./logo"
                        required="{Boolean}true"
                        rootPath="/content/dam/enablementCapstone"/>
                    <languages
                        jcr:primaryType="nt:unstructured"
                        sling:resourceType="granite/ui/components/coral/foundation/form/multifield"
                        composite="{Boolean}true"
                        fieldLabel="Languages Dropdown "
                        required="{Boolean}true">
                        <field
                            jcr:primaryType="nt:unstructured"
                            sling:resourceType="granite/ui/components/coral/foundation/container"
                            name="./languagesitem">
                            <items jcr:primaryType="nt:unstructured">
                                <column
                                    jcr:primaryType="nt:unstructured"
                                    sling:resourceType="granite/ui/components/coral/foundation/container">
                                    <items jcr:primaryType="nt:unstructured">
                                        <lang
                                            jcr:primaryType="nt:unstructured"
                                            sling:resourceType="granite/ui/components/coral/foundation/form/textfield"
                                            fieldLabel="Languages"
                                            name="./languages"
                                            required="{Boolean}true"/>
                                    </items>
                                </column>
                            </items>
                        </field>
                    </languages>
                    <displayLanguages
                        jcr:primaryType="nt:unstructured"
                        sling:resourceType="granite/ui/components/coral/foundation/form/checkbox"
                        fieldDescription="If checked, Languages dropdown will be displayed"
                        name="./displayLanguages"
                        text="Display Languages"
                        uncheckedValue="false"
                        value="true"/>
                </items>
            </column>
        </items>
    </content>
</jcr:root>
